{
    "generation": 59,
    "bypass": {
        "best_fitness": 2127.6560606060607,
        "avg_power": 2127.2727272727275,
        "spec_occ": 0.38333333333333336,
        "components": {
            "source": 5.454545454545454,
            "detector": 878.1818181818181,
            "ice_box": 0.0,
            "other": 1243.6363636363637
        }
    },
    "nobypass": {
        "best_fitness": 2198.4032467532465,
        "avg_power": 2198.181818181818,
        "spec_occ": 0.22142857142857142,
        "components": {
            "source": 5.636363636363637,
            "detector": 907.4545454545455,
            "ice_box": 0.0,
            "other": 1285.090909090909
        }
    },
    "status": "phase2_bypass"
}