{
    "generation": 295,
    "bypass": {
        "success_rate": 1.0,
        "avg_power": 1194.0579710144928,
        "spec_occ": 0.363953488372093,
        "total_wls": 313,
        "heat_risk": 2.71875,
        "path_cost": 64537.58786773682,
        "source_p": 4.492753623188406,
        "detector_p": 0.0,
        "other_p": 700.4347826086956,
        "ice_box_p": 489.1304347826087,
        "component_power": {
            "source": 1240,
            "detector": 0,
            "other": 193320,
            "ice_box": 135000
        }
    },
    "nobypass": {
        "success_rate": 1.0,
        "avg_power": 1180.9565217391305,
        "spec_occ": 0.35930232558139535,
        "total_wls": 309,
        "heat_risk": 4.421875,
        "path_cost": 34645.497853279114,
        "source_p": 4.478260869565218,
        "detector_p": 0.0,
        "other_p": 698.2173913043479,
        "ice_box_p": 478.2608695652174,
        "component_power": {
            "source": 1236,
            "detector": 0,
            "other": 192708,
            "ice_box": 132000
        }
    },
    "status": "phase2_bypass"
}