{
    "generation": 2,
    "bypass": {},
    "nobypass": {
        "success_rate": 1.0,
        "avg_power": 132.48333333333332,
        "spec_occ": 0.05238095238095238,
        "total_wls": 22,
        "heat_risk": 0,
        "path_cost": 84.67276525497437,
        "source_p": 0.6666666666666666,
        "detector_p": 5.0,
        "other_p": 126.81666666666663,
        "ice_box_p": 0.0,
        "component_power": {
            "source": 44,
            "detector": 330.0,
            "other": 8369.899999999998,
            "ice_box": 0
        }
    },
    "status": "phase1_nobypass"
}