{
    "generation": 43,
    "bypass": {
        "best_fitness": Infinity,
        "avg_power": Infinity,
        "spec_occ": 0.0,
        "components": {
            "source": 0.0,
            "detector": 0.0,
            "ice_box": 0.0,
            "other": 0.0
        }
    },
    "nobypass": {
        "best_fitness": 1333.2867424242424,
        "avg_power": 1333.090909090909,
        "spec_occ": 0.19583333333333333,
        "components": {
            "source": 3.418181818181818,
            "detector": 550.3272727272728,
            "ice_box": 0.0,
            "other": 779.3454545454546
        }
    },
    "status": "phase1_nobypass"
}