{
    "generation": 64,
    "bypass": {},
    "nobypass": {
        "success_rate": 1.0,
        "avg_power": 25.754347826086942,
        "spec_occ": 0.04186046511627907,
        "total_wls": 36,
        "heat_risk": 0,
        "path_cost": 30.407504689879715,
        "source_p": 0.2608695652173913,
        "detector_p": 1.9565217391304348,
        "other_p": 23.536956521739118,
        "ice_box_p": 0.0,
        "component_power": {
            "source": 72,
            "detector": 540.0,
            "other": 6496.199999999996,
            "ice_box": 0
        }
    },
    "status": "phase1_nobypass"
}