{
    "generation": 34,
    "bypass": {},
    "nobypass": {
        "success_rate": 1.0,
        "avg_power": 1124.7826086956522,
        "spec_occ": 0.2313953488372093,
        "total_wls": 199,
        "heat_risk": 0,
        "path_cost": 5807.463777780533,
        "source_p": 2.8840579710144927,
        "detector_p": 464.3333333333333,
        "other_p": 657.5652173913044,
        "ice_box_p": 0.0,
        "component_power": {
            "source": 796,
            "detector": 128156,
            "other": 181488,
            "ice_box": 0
        }
    },
    "status": "phase1_nobypass"
}