{
    "generation": 1,
    "bypass": {},
    "nobypass": {
        "success_rate": 1.0,
        "avg_power": 61.232575757575724,
        "spec_occ": 0.05476190476190476,
        "total_wls": 23,
        "heat_risk": 0,
        "path_cost": 37.77840022742748,
        "source_p": 0.696969696969697,
        "detector_p": 5.2272727272727275,
        "other_p": 55.308333333333294,
        "ice_box_p": 0.0,
        "component_power": {
            "source": 46,
            "detector": 345.0,
            "other": 3650.3499999999976,
            "ice_box": 0
        }
    },
    "status": "phase1_nobypass"
}