{
    "generation": 13,
    "bypass": {
        "best_fitness": 992.9647727272727,
        "avg_power": 992.7272727272727,
        "spec_occ": 0.2375,
        "components": {
            "source": 2.5454545454545454,
            "detector": 409.8181818181818,
            "ice_box": 0.0,
            "other": 580.3636363636364
        }
    },
    "nobypass": {
        "best_fitness": 794.2984848484848,
        "avg_power": 794.1818181818181,
        "spec_occ": 0.11666666666666667,
        "components": {
            "source": 2.036363636363636,
            "detector": 327.8545454545455,
            "ice_box": 0.0,
            "other": 464.2909090909091
        }
    },
    "status": "phase2_bypass"
}